,0,1
0,abandonne,neabandon
1,abandonner,nerabandon
2,abeille,leabeil
3,abime,meabi
4,abomination,tionabomina
5,abonnement,mentabonne
6,aborde,deabor
7,abricot,cotabri
8,absent,bsenta
9,absolument,mentabsolu
10,abus,busa
11,accalmie,mieaccal
12,acceder,deracce
13,accepter,teraccep
14,accident,dentacci
15,accompagner,gneraccompa
16,accord,cordac
17,accueil,ilaccue
18,achat,hatac
19,acheter,terache
20,acquiescement,mentacquiesce
21,acquis,quisac
22,acrobate,teacroba
23,acteur,teurac
24,action,tionac
25,actuellement,mentactuelle
26,Adieu,uAdie
27,admirer,reradmi
28,adolescent,centadoles
29,adorer,rerado
30,adresse,seadres
31,adroit,droita
32,adulte,teadul
33,adversite,teadversi
34,aeroport,portaero
35,affaire,reaffai
36,affectueuse,seaffectueu
37,affectueux,uxaffectue
38,affichage,geafficha
39,afflige,geaffli
40,affligrant,grantaffli
41,affront,frontaf
42,agacer,ceraga
43,age,gea
44,agent,genta
45,agir,gira
46,agneau,uagnea
47,agreable,bleagrea
48,ah,ah
49,aide,deai
50,Aide-memoire,reAide-memoi
51,aider,derai
52,aigle,gleai
53,aiguille,leaiguil
54,ail,ail
55,ailleurs,leursail
56,aimer,merai
57,aine,neai
58,ainsi,siain
59,air,air
60,ajourner,nerajour
61,ajouter,terajou
62,album,bumal
63,Alcool,Alcool
64,alienation,tionaliena
65,aliment,mentali
66,alimentation,tionalimenta
67,aller,leral
68,allo ,lo al
69,allumer,merallu
70,allumette,teallumet
71,alors,lorsa
72,ambulance,ceambulan
73,ame,mea
74,amener,nerame
75,americain,cainameri
76,ami,mia
77,amour,moura
78,amoureux,reuxamou
79,ampoule,leampou
80,amusant,santamu
81,amuser,seramu
82,an,an
83,anatheme,meanathe
84,ancien,cienan
85,ane,nea
86,ange,gean
87,angle,glean
88,animal,malani
89,animaux,mauxani
90,annee,neean
91,anniversaire,reanniversai
92,annuler,lerannu
93,anorak,rakano
94,apathie,hieapat
95,Aperitif,tifAperi
96,apogee,geeapo
97,Apostrophe,heApostrop
98,appareil,reilappa
99,appartement,mentapparte
100,appartenir,nirapparte
101,appel,pelap
102,appelant,lantappe
103,appeler,lerappe
104,appetit,titappe
105,appliquer,querappli
106,apporter,terappor
107,apprecier,cierappre
108,Apprendre,dreAppren
109,approcher,herapproc
110,approvisionnement,mentapprovisionne
111,apres,presa
112,apres,presa
113,aquarium,riumaqua
114,araignee,gneearai
115,arbre,brear
116,arc-en-ciel,cielarc-en-
117,Arcade,deArca
118,arete,teare
119,argent,gentar
120,arme,mear
121,armee,meear
122,armoire,rearmoi
123,arranger,gerarran
124,arret,retar
125,arreter,terarre
126,arriere,rearrie
127,arriver,verarri
128,arroser,serarro
129,arrosoir,soirarro
130,Art Nouveau,uArt Nouvea
131,ascenseur,seurascen
132,aspirateur,teuraspira
133,asseoir,irasseo
134,assez,sezas
135,assiette,teassiet
136,assis,sisas
137,assurer,rerassu
138,atelier,lierate
139,attacher,herattac
140,attaquer,queratta
141,attendre,dreatten
142,attente,teatten
143,attention,tionatten
144,atterrir,riratter
145,attraper,perattra
146,attraper une maladie,dieattraper une mala
147,au,au
148,Au contraire,reAu contrai
149,Au marche,heAu marc
150,au milieu,uau milie
151,au milieu de,deau milieu 
152,Au pair,pairAu 
153,Au zoo,zooAu 
154,au-dela,laau-de
155,au-dessous,sousau-des
156,au-dessous de,deau-dessous 
157,au-dessus,susau-des
158,Aubergine,neAubergi
159,aucun,cunau
160,aucune,neaucu
161,augmenter,teraugmen
162,aujourd'hui,huiaujourd'
163,aussi,siaus
164,austerite,teausteri
165,autant,tantau
166,auto,toau
167,autorise,seautori
168,autour,tourau
169,autour de,deautour 
170,autre,treau
171,autrefois,foisautre
172,autres,tresau
173,avaler,lerava
174,avance,ceavan
175,avancer,ceravan
176,avanie,nieava
177,avant,vanta
178,Avant-garde,deAvant-gar
179,avec,veca
180,aversion,sionaver
181,avilissement,mentavilisse
182,avion,viona
183,avis,visa
184,avocat,catavo
185,avoir,voira
186,bagage,gebaga
187,bagarre,rebagar
188,bague,gueba
189,baguette,tebaguet
190,baigner,gnerbai
191,bailler,lerbail
192,bain,bain
193,baiser,serbai
194,baisser,serbais
195,balai,laiba
196,balancoire,rebalancoi
197,balayer,erbalay
198,baleine,nebalei
199,balle,lebal
200,Ballet,letBal
201,ballon,lonbal
202,banane,nebana
203,banc,banc
204,bande,deban
205,banque,queban
206,bar,bar
207,barbe,bebar
208,barboter,terbarbo
209,barbouille,lebarbouil
210,barque,quebar
211,barreau,ubarrea
212,bas,bas
213,Bas-relief,liefBas-re
214,bassin,sinbas
215,bassine,nebassi
216,bateau,ubatea
217,baton,tonba
218,battre,trebat
219,baver,verba
220,bavoir,voirba
221,beau,ubea
222,beaucoup,coupbeau
223,beaute,tebeau
224,bebe,be
225,bebe,be
226,bebes,besbe
227,bec,bec
228,Bechamel,melBecha
229,belle,lebel
230,besoin,soinbe
231,bete,tebe
232,bete,tebe
233,betise,sebeti
234,biberon,ronbibe
235,bibliotheque,quebibliothe
236,bicyclette,tebicyclet
237,bien,bien
238,bienseance,cebiensean
239,bientot,totbien
240,bientot,totbien
241,bienveillant,lantbienveil
242,biere,rebie
243,bifteck,teckbif
244,bijou,joubi
245,bille,lebil
246,billet,letbil
247,biscuit,cuitbis
248,bisou,soubi
249,Bisque,queBis
250,Bizarre,reBizar
251,blague,guebla
252,blame,mebla
253,blanc,blanc
254,Blase,seBla
255,blesser,serbles
256,bleu,bleu
257,Blond,Blond
258,bloquer,querblo
259,Blouse,seBlou
260,boeuf,ufboe
261,boire,reboi
262,bois,bois
263,boisson chaude,deboisson chau
264,boite,teboi
265,boite,teboi
266,bol,bol
267,bombe,bebom
268,bon,bon
269,Bon appetit,titBon appe
270,Bon vivant,vantBon vi
271,Bon voyage,geBon voya
272,bonbon,bon
273,bonde,debon
274,bondir,dirbon
275,bonheur,heurbon
276,bonjour,jourbon
277,bonnet,netbon
278,bord,bord
279,bosse,sebos
280,bosser,serbos
281,botte,tebot
282,botte de foin,foinbotte de 
283,bottes,tesbot
284,bouche,hebouc
285,boucher,herbouc
286,boucherie,riebouche
287,bouchon,honbouc
288,bouder,derbou
289,boue,ebou
290,bouee,eboue
291,bouger,gerbou
292,boulanger,gerboulan
293,boulangerie,rieboulange
294,boule,lebou
295,boulot,lotbou
296,bouquet,quetbou
297,Bourgeois,isBourgeo
298,bourgeon,geonbour
299,bousculer,lerbouscu
300,bout,bout
301,bouteille,lebouteil
302,boutique,quebouti
303,bouton,tonbou
304,bracelet,letbrace
305,branche,hebranc
306,brandir,dirbran
307,bras,bras
308,bref,bref
309,bretelle,lebretel
310,breve,vebre
311,bricolage,gebricola
312,briller,lerbril
313,brosse,sebros
314,brouette,tebrouet
315,brouillard,lardbrouil
316,bruit,bruit
317,bruler,lerbru
318,brun,brun
319,Brunette,teBrunet
320,buche,hebuc
321,buisson,sonbuis
322,bulles,lesbul
323,bureau,uburea
324,bus,bus
325,but,but
326,cabane,necaba
327,cabinet,netcabi
328,cacher,hercac
329,cadeau,ucadea
330,cadenas,nascade
331,cadre,dreca
332,cafe,feca
333,cage,geca
334,cage a ecureuil,ilcage a ecureu
335,cagoule,lecagou
336,cahier,hierca
337,caillou,loucail
338,caisse,secais
339,calamite,tecalami
340,calculateur,teurcalcula
341,calculatrice,cecalculatri
342,calendrier,driercalen
343,calin,linca
344,calme,mecal
345,calmer,mercal
346,camarade,decamara
347,cambriolage,gecambriola
348,camouflet,fletcamou
349,camp,camp
350,campagne,gnecampa
351,canape,pecana
352,canard,nardca
353,caniveau,ucanivea
354,canne,necan
355,cantine,necanti
356,capable,blecapa
357,capitaine,necapitai
358,caprice,cecapri
359,car,car
360,caravane,necarava
361,caresse,secares
362,caresser,sercares
363,carnet,netcar
364,carotte,tecarot
365,carre,recar
366,carre,recar
367,carreau,ucarrea
368,carrefour,fourcarre
369,cartable,blecarta
370,carte,tecar
371,Carte blanche,heCarte blanc
372,carton,toncar
373,cas,cas
374,casier,sierca
375,casque,quecas
376,casquette,tecasquet
377,casse,secas
378,casser,sercas
379,casserole,lecassero
380,cauchemar,marcauche
381,cause,secau
382,causer,sercau
383,cave,veca
384,ceci,cice
385,ceinture,receintu
386,cela,lace
387,celebre,brecele
388,celibataire,recelibatai
389,celle,lecel
390,celui,luice
391,cense,secen
392,cent,cent
393,cerceau,ucercea
394,cereale,lecerea
395,cerf,cerf
396,cerf-volant,lantcerf-vo
397,cerise,seceri
398,Certain,tainCer
399,ces,ces
400,cesser,serces
401,cet,cet
402,cette,tecet
403,ceux,ceux
404,chagrin,grincha
405,chaine,nechai
406,chaise,sechai
407,Chaise longue,gueChaise lon
408,chaises,seschai
409,chamailler,lerchamail
410,chambre,brecham
411,champ,champ
412,champagne ,gne champa
413,champignon,gnonchampi
414,chance,cechan
415,changeant,geantchan
416,changer,gerchan
417,chanson,sonchan
418,chanter,terchan
419,chantier,tierchan
420,chapeau,uchapea
421,charcuterie,riecharcute
422,chariot,riotcha
423,chasser,serchas
424,chasseur,seurchas
425,chat,chat
426,chataigne,gnechatai
427,chateau,uchatea
428,chatiment,mentchati
429,chaud,chaud
430,chauffer,ferchauf
431,Chauffeur,feurChauf
432,chaussette,techausset
433,chausson,sonchaus
434,chaussure,rechaussu
435,Chef,Chef
436,chemin,minche
437,cheminee,neechemi
438,chemise,sechemi
439,chene,neche
440,chenille,lechenil
441,chercher,hercherc
442,cheval,valche
443,cheveu,veuche
444,cheville,lechevil
445,chevre,vreche
446,Chic,Chic
447,chien,chien
448,chiffon,fonchif
449,chocolat,latchoco
450,choisir,sirchoi
451,chose,secho
452,chou,chou
453,chouette,techouet
454,chute,techu
455,cigarette,tecigaret
456,cigogne,gnecigo
457,cil,cil
458,cimetiere,recimetie
459,cinema,macine
460,cinq,cinq
461,cirque,quecir
462,ciseaux,uxcisea
463,citron,tronci
464,citrouille,lecitrouil
465,classe,seclas
466,cle,cle
467,cle,cle
468,clementine,neclementi
469,Cliche,heClic
470,client,client
471,clientele,lecliente
472,clignoter,tercligno
473,clin d'oeil,ilclin d'oe
474,cloche,hecloc
475,clocher,hercloc
476,clos,clos
477,clou,clou
478,clown,clown
479,club,club
480,cochon,honcoc
481,cochon d'Inde,decochon d'In
482,cocotte,tecocot
483,coeur,urcoe
484,coffre,frecof
485,coffret,fretcof
486,coiffeur,feurcoif
487,coin,coin
488,Coin bricolage,geCoin bricola
489,Coin deguisements,mentsCoin deguise
490,Coin garage-train,trainCoin garage-
491,col,col
492,colis-route,tecolis-rou
493,collant,lantcol
494,colle,lecol
495,coller,lercol
496,collier,liercol
497,colline,necolli
498,cologne,gnecolo
499,colonel,nelcolo
500,coloriage,gecoloria
501,colorier,riercolo
502,combat,batcom
503,comble,blecom
504,comme,mecom
505,"""Comme ci, comme ca""","ca""""Comme ci, comme "
506,commencer,cercommen
507,comment,mentcom
508,comparer,rercompa
509,complaisance,cecomplaisan
510,complex,plexcom
511,complique,quecompli
512,compte,tecomp
513,compter,tercomp
514,conac,nacco
515,conception,tionconcep
516,concernant,nantconcer
517,concerne,neconcer
518,Concierge,geConcier
519,concombre,breconcom
520,concourir,rirconcou
521,conduire,recondui
522,conference,ceconferen
523,confiance,ceconfian
524,confirmer,merconfir
525,confiture,reconfitu
526,confortable,bleconforta
527,connaitre,treconnai
528,consacre,creconsa
529,conseil,seilcon
530,conseiller,lerconseil
531,consoler,lerconso
532,consomme,meconsom
533,construire,reconstrui
534,contact,tactcon
535,content,tentcon
536,continuer,nuerconti
537,contrainte,tecontrain
538,contraire,recontrai
539,contre,trecon
540,contretemps,tempscontre
541,controle,lecontro
542,controverse,secontrover
543,cool,cool
544,copain,painco
545,copier,pierco
546,coq,coq
547,coquelicot,cotcoqueli
548,coquet,quetco
549,coquetier,tiercoque
550,coquillage,gecoquilla
551,coquille,lecoquil
552,coquin,quinco
553,corbeau,ucorbea
554,corbeille,lecorbeil
555,corde,decor
556,Cordon bleu,bleuCordon 
557,Cornichon,honCornic
558,corps,corps
559,Costume,meCostu
560,cote,teco
561,cote,teco
562,cou,cou
563,couche,hecouc
564,coucher,hercouc
565,coude,decou
566,couette,tecouet
567,couleur,leurcou
568,couloir,loircou
569,coup,coup
570,Coup d'etat,tatCoup d'e
571,couper,percou
572,cour,cour
573,Courage,geCoura
574,courant,rantcou
575,Courgette,teCourget
576,courir,rircou
577,courir apres,prescourir a
578,couronne,necouron
579,courriel,rielcour
580,courrier,riercour
581,cours,cours
582,course,secour
583,court,court
584,cousin,sincou
585,cousine,necousi
586,coussin,sincous
587,couteau,ucoutea
588,couter,tercou
589,couter,tercou
590,Couture,reCoutu
591,couvercle,clecouver
592,couvert,vertcou
593,couverture,recouvertu
594,couvrir,vrircou
595,crabe,becra
596,craie,ecrai
597,craindre,drecrain
598,crapaud,paudcra
599,cravate,tecrava
600,crayon,oncray
601,creche,hecrec
602,credibilite,tecredibili
603,creer,creer
604,Creme de la creme,meCreme de la cre
605,crepes,pescre
606,creuser,sercreu
607,creux,creux
608,crever,vercre
609,crevette,tecrevet
610,cri,cri
611,crier,crier
612,crime,mecri
613,crise,secri
614,critere,recrite
615,Critique,queCriti
616,crochet,hetcroc
617,crocodile,lecrocodi
618,croire,recroi
619,Croissant,santCrois
620,croitre,trecroi
621,croix,croix
622,croute,tecrou
623,Crouton,tonCrou
624,Cruel,Cruel
625,cube,becu
626,cuillere,recuille
627,cuire,recui
628,cuisine,necuisi
629,cuisiner,nercuisi
630,cuisiniere,recuisinie
631,cuisse,secuis
632,cuit,cuit
633,Cul-de-sac,sacCul-de-
634,culotte,teculot
635,culturel,relcultu
636,curieux,uxcurie
637,cuvette,tecuvet
638,cygne,gnecy
639,d'abord,bord'a
640,d'abord,bord'a
641,d'autres,tres'au
642,dame,meda
643,danger,gerdan
644,dangereux,reuxdange
645,danse,sedan
646,danser,serdan
647,dauphin,hindaup
648,davantage,gedavanta
649,De rigueur,urDe rigue
650,debacle,cledeba
651,debat,batde
652,deborder,derdebor
653,debut,butde
654,decence,cedecen
655,dechirer,rerdechi
656,decision,siondeci
657,declin,clinde
658,decoller,lerdecol
659,Decollete,teDecolle
660,deconvenue,nuedeconve
661,Decor,corDe
662,decorer,rerdeco
663,decoupage,gedecoupa
664,decouper,perdecou
665,decouvrir,vrirdecou
666,dedain,dainde
667,dedans,dansde
668,defaut,fautde
669,defendre,dredefen
670,defiance,cedefian
671,deficit,citdefi
672,defiler,lerdefi
673,degager,gerdega
674,degat,gatde
675,degre,grede
676,deguisement,mentdeguise
677,dehors,horsde
678,deja,jade
679,Deja vu,vuDeja 
680,delicieux,uxdelicie
681,deliquescence,cedeliquescen
682,demain,mainde
683,demande,deman
684,demander,derdeman
685,demarrer,rerdemar
686,demenagement,mentdemenage
687,demenager,gerdemena
688,demi,mide
689,demographie,hiedemograp
690,demolir,lirdemo
691,dent,dent
692,dentifrice,cedentifri
693,depart,partde
694,depasser,serdepas
695,deplorable,bledeplora
696,depuis,puisde
697,deranger,gerderan
698,dernier,nierder
699,derriere,rederrie
700,desagrement,mentdesagre
701,desarroi,roidesar
702,desaveu,veudesa
703,descendre,dredescen
704,desespoir,poirdeses
705,desillusion,siondesillu
706,desobeir,beirdeso
707,desolation,tiondesola
708,desordre,dredesor
709,dessert,sertdes
710,dessin,sindes
711,dessiner,nerdessi
712,destination,tiondestina
713,detresse,sedetres
714,detruire,redetrui
715,deux,deux
716,deuxieme,medeuxie
717,devant,vantde
718,developper,perdevelop
719,devenir,nirdeve
720,devoir,voirde
721,different,rentdiffe
722,differer,rerdiffe
723,difficile,lediffici
724,diffuser,serdiffu
725,digerer,rerdige
726,dimanche,hedimanc
727,dindon,dondin
728,Diner,nerDi
729,diner,nerdi
730,Dinette,teDinet
731,dinette,tedinet
732,dinosaure,redinosau
733,dire,redi
734,directeur,teurdirec
735,directrice,cedirectri
736,diriger,gerdiri
737,discret,cretdis
738,discriminer,nerdiscrimi
739,discuter,terdiscu
740,disparaitre,tredisparai
741,disponible,bledisponi
742,disposition,tiondisposi
743,dix,dix
744,docteur,teurdoc
745,doigts,doigts
746,dollar,lardol
747,domino,nodomi
748,dommage,gedomma
749,donner,nerdon
750,dont,dont
751,dormir,mirdor
752,dos,dos
753,dossier,sierdos
754,doucement,mentdouce
755,douche,hedouc
756,doucher,herdouc
757,douillet,letdouil
758,douloureuse,sedouloureu
759,douloureux,reuxdoulou
760,doux,doux
761,douze,zedou
762,drap,drap
763,drapeau,udrapea
764,droit,droit
765,droite,tedroi
766,drole,ledro
767,dur,dur
768,durcir,cirdur
769,duree,reedu
770,durer,rerdu
771,eau,uea
772,Eau de toilette,teEau de toilet
773,ecarter,terecar
774,echanger,gerechan
775,echarpe,peechar
776,echasse,seechas
777,echasses,sesechas
778,echec,hecec
779,echelle,leechel
780,eclabousser,sereclabous
781,eclair,claire
782,eclairer,rereclai
783,eclater,terecla
784,ecole,leeco
785,ecorce,ceecor
786,ecouter,terecou
787,ecraser,serecra
788,ecrire,reecri
789,ecriture,reecritu
790,ecureuil,ilecureu
791,effacer,cereffa
792,effort,fortef
793,effraye,eeffray
794,effroi,froief
795,egal,gale
796,eglise,seegli
797,elastique,queelasti
798,elephant,hantelep
799,eleve,veele
800,elever,verele
801,elle,leel
802,embarquement,mentembarque
803,embarras,rasembar
804,embarrassant,santembarras
805,embouteillage,geembouteilla
806,emission,sionemis
807,emmenagement,mentemmenage
808,emmener,neremme
809,empecher,herempec
810,emporter,terempor
811,enceinte,teencein
812,encore,reenco
813,endive,veendi
814,endroit,droiten
815,enerve,veener
816,enfant,fanten
817,enfermer,merenfer
818,enfiler,lerenfi
819,enfoncer,cerenfon
820,engin,ginen
821,enigme,gmeeni
822,enlever,verenle
823,ennemi,mienne
824,enorme,meenor
825,ensemble,bleensem
826,entendre,dreenten
827,enterrer,rerenter
828,entier,tieren
829,entonnoir,noirenton
830,entourer,rerentou
831,entre,treen
832,entree,treeen
833,Entrepreneur,neurEntrepre
834,entreprise,seentrepri
835,entrer,treren
836,enveloppe,peenvelop
837,envie,vieen
838,envisager,gerenvisa
839,envoyer,erenvoy
840,epais,paise
841,epaule,leepau
842,epee,peee
843,epingle,gleepin
844,epiphenomene,neepiphenome
845,eplore,reeplo
846,eplucher,herepluc
847,epluchure,reepluchu
848,eponge,geepon
849,epoque,queepo
850,epoux,pouxe
851,epreuve,veepreu
852,equipe,peequi
853,erreur,reurer
854,escabeau,uescabea
855,escalader,derescala
856,escalier,lieresca
857,escargot,gotescar
858,espece,ceespe
859,espoir,poires
860,esprit,prites
861,essayer,eressay
862,essence,ceessen
863,essuyer,eressuy
864,etagere,reetage
865,etaler,lereta
866,etang,tange
867,ete,tee
868,eteindre,dreetein
869,eternuer,nuereter
870,etiquette,teetiquet
871,etoile,leetoi
872,etrange,geetran
873,etranger,geretran
874,etroit,troite
875,etude,deetu
876,etudiante,teetudian
877,etudier,dieretu
878,euro,roeu
879,eux,eux
880,evier,viere
881,eviter,terevi
882,exact,xacte
883,exactement,mentexacte
884,exaction,tionexac
885,excellent,lentexcel
886,exceptionnellement,mentexceptionnelle
887,excuser,serexcu
888,Excusez-moi,moiExcusez-
889,exemplaire,reexemplai
890,exemple,pleexem
891,exigeant,geantexi
892,exigence,ceexigen
893,exister,terexis
894,expliquer,querexpli
895,extension,sionexten
896,exterieur,urexterie
897,extraordinaire,reextraordinai
898,fabriquer,querfabri
899,Facade,deFaca
900,face,cefa
901,facile,lefaci
902,facon,confa
903,facteur,teurfac
904,faim,faim
905,faire,refai
906,faire beau,ufaire bea
907,faire boire,refaire boi
908,falloir,loirfal
909,familiarite,tefamiliari
910,famille,lefamil
911,farce,cefar
912,farine,nefari
913,fatigue,guefati
914,fatiguer,guerfati
915,faute,tefau
916,fauteuil,ilfauteu
917,faux,faux
918,Faux pas,pasFaux 
919,favorable,blefavora
920,fee,fee
921,Femme fatale,leFemme fata
922,fenetre,trefene
923,fer a repasser,serfer a repas
924,ferme,mefer
925,fermer,merfer
926,fermier,mierfer
927,fesse,sefes
928,feu,feu
929,feuille,lefeuil
930,feutre,trefeu
931,feve,vefe
932,Fiance,ceFian
933,ficelle,leficel
934,ficher,herfic
935,fier,fier
936,figure,refigu
937,fil,fil
938,file,lefi
939,filer,lerfi
940,filet,letfi
941,fille,lefil
942,film,film
943,Film noir,noirFilm 
944,fils,fils
945,fin,fin
946,finalement,mentfinale
947,finir,nirfi
948,flamme,meflam
949,flaque,quefla
950,fleau,uflea
951,fleche,heflec
952,fleur,fleur
953,fleuriste,tefleuris
954,flic,flic
955,flocon,conflo
956,flotter,terflot
957,foin,foin
958,foire,refoi
959,fois,fois
960,fonce,cefon
961,fonction,tionfonc
962,fonctionner,nerfonction
963,fond,fond
964,fontaine,nefontai
965,force,cefor
966,Force majeure,reForce majeu
967,foret,retfo
968,formage,geforma
969,formation,tionforma
970,forme,mefor
971,formulaire,reformulai
972,fort,fort
973,fou,fou
974,fouet,etfou
975,fouiller,lerfouil
976,four,four
977,fourchette,tefourchet
978,fourmi,mifour
979,fourniture,refournitu
980,fraise,sefrai
981,framboise,seframboi
982,frange,gefran
983,frapper,perfrap
984,fraternel,nelfrater
985,frein,frein
986,frequemment,mentfrequem
987,frere,refre
988,frite,tefri
989,froid,froid
990,fromage,gefroma
991,front,front
992,fruit,fruit
993,frustrant,trantfrus
994,fumee,meefu
995,fumer,merfu
996,funebre,brefune
997,fusee,seefu
998,fusil,silfu
999,gagner,gnerga
1000,galette,tegalet
1001,galoper,pergalo
1002,gamin,minga
1003,gant,gant
1004,garage,gegara
1005,garcon,congar
1006,garcon,congar
1007,garcon,congar
1008,garde,degar
1009,garder,dergar
1010,gardien,diengar
1011,gare,rega
1012,gars,gars
1013,gateau,ugatea
1014,Gateaux,uxGatea
1015,gauche,hegauc
1016,geant,geant
1017,gele,lege
1018,geler,lerge
1019,gener,nerge
1020,general,ralgene
1021,genou,nouge
1022,Genre,reGen
1023,gens,gens
1024,gentil,tilgen
1025,girafe,fegira
1026,glace,cegla
1027,glacon,congla
1028,glisser,serglis
1029,gobelet,letgobe
1030,gomme,megom
1031,gonfler,flergon
1032,gorge,gegor
1033,gosse,segos
1034,gourde,degour
1035,gourmand,mandgour
1036,gourmander,dergourman
1037,gourmandise,segourmandi
1038,gourmet,metgour
1039,gout,gout
1040,gouter,tergou
1041,goutte,tegout
1042,gouttes,tesgout
1043,gouvernement,mentgouverne
1044,grain,grain
1045,graine,negrai
1046,graines,nesgrai
1047,grand,grand
1048,grand-mere,regrand-me
1049,grand-mere,regrand-me
1050,grand-parent,rentgrand-pa
1051,grand-pere,regrand-pe
1052,grand-pere,regrand-pe
1053,grande,degran
1054,grandir,dirgran
1055,gratter,tergrat
1056,gratuit,tuitgra
1057,Grave,veGra
1058,grenouille,legrenouil
1059,griffe,fegrif
1060,griffer,fergrif
1061,grignoter,tergrigno
1062,griller,lergril
1063,grimper,pergrim
1064,gris,gris
1065,gronder,dergron
1066,gros,gros
1067,grosse,segros
1068,grotte,tegrot
1069,groupe,pegrou
1070,groupe,pegrou
1071,grue,grue
1072,guere,regue
1073,guerir,rirgue
1074,guerrier,rierguer
1075,guetter,terguet
1076,guirlande,deguirlan
1077,gymnastique,quegymnasti
1078,habit,bitha
1079,habiter,terhabi
1080,habitude,dehabitu
1081,hamster,terhams
1082,hanche,hehanc
1083,handicape,pehandica
1084,haricot,cothari
1085,hausse,sehaus
1086,haut,haut
1087,Haute couture,reHaute coutu
1088,he,he
1089,hein,hein
1090,helicoptere,rehelicopte
1091,herbe,beher
1092,heros,roshe
1093,hesiter,terhesi
1094,heure,reheu
1095,heure des mamans,mansheure des ma
1096,heureux,reuxheu
1097,hibou,bouhi
1098,hier,hier
1099,hippopotame,mehippota
1100,hirondelle,lehirondel
1101,histoire,rehistoi
1102,hiver,verhi
1103,homme,mehom
1104,honneur,neurhon
1105,honte,tehon
1106,hopital,talhopi
1107,hopital,talhopi
1108,horaire,rehorai
1109,horloge,gehorlo
1110,horrible,blehorri
1111,hors,hors
1112,Hors d'oeuvre,vreHors d'oeu
1113,hote,teho
1114,hotel,telho
1115,hotel,telho
1116,hotesse,sehotes
1117,huile,lehui
1118,huit,huit
1119,huite,tehui
1120,humain,mainhu
1121,humeur,meurhu
1122,humide,dehumi
1123,hurler,lerhur
1124,hydrater,terhydra
1125,ici,cii
1126,idee,deei
1127,identite,teidenti
1128,idiot,dioti
1129,ignorer,rerigno
1130,il,il
1131,ile,lei
1132,ils,ils
1133,image,geima
1134,imaginer,nerimagi
1135,imiter,terimi
1136,immature,reimmatu
1137,immense,seimmen
1138,immeuble,bleimmeu
1139,immobile,leimmobi
1140,Impasse,seImpas
1141,important,tantimpor
1142,importer,terimpor
1143,impossible,bleimpossi
1144,impot,potim
1145,impraticable,bleimpratica
1146,inaccessible,bleinaccessi
1147,incendie,dieincen
1148,incongruite,teincongrui
1149,inconvenient,nientinconve
1150,incroyable,bleincroya
1151,indecence,ceindecen
1152,indetermine,neindetermi
1153,infirmier,mierinfir
1154,infirmiere,reinfirmie
1155,information,tioninforma
1156,initiative,veinitiati
1157,injure,reinju
1158,inonder,derinon
1159,inoxydable,bleinoxyda
1160,inquieter,terinquie
1161,inscription,tioninscrip
1162,inscrire,reinscri
1163,inseparable,bleinsepara
1164,inspecteur,teurinspec
1165,instable,bleinsta
1166,installer,lerinstal
1167,instant,tantins
1168,interdiction,tioninterdic
1169,interdire,reinterdi
1170,interessant,santinteres
1171,interessant,santinteres
1172,interesse,seinteres
1173,interesser,serinteres
1174,interet,retinte
1175,interieur,urinterie
1176,interieur,urinterie
1177,interpreter,terinterpre
1178,intime,meinti
1179,intimite,teintimi
1180,inutile,leinuti
1181,invitation,tioninvita
1182,invite,teinvi
1183,inviter,terinvi
1184,jaloux,louxja
1185,jamais,maisja
1186,jambe,bejam
1187,jambes,besjam
1188,jardiner,nerjardi
1189,jaune,nejau
1190,Je ne sais quoi,iJe ne sais quo
1191,jean,jean
1192,jeter,terje
1193,jeu,jeu
1194,jeudi,dijeu
1195,jeune,nejeu
1196,jeux,jeux
1197,joie,ejoi
1198,Joie de vivre,vreJoie de vi
1199,joli,lijo
1200,jongler,glerjon
1201,jonquille,lejonquil
1202,joue,ejou
1203,jouer,erjou
1204,jouet,etjou
1205,jour,jour
1206,journal,naljour
1207,journaux,nauxjour
1208,journee,neejour
1209,journee,neejour
1210,joyeux,uxjoye
1211,juge,geju
1212,jumeau,ujumea
1213,jupe,peju
1214,jus,jus
1215,kangourou,roukangou
1216,kiwi,wiki
1217,l',l'
1218,l'age,ge'a
1219,l'air / un air,ir'air / un a
1220,l'amour,mour'a
1221,l'an,l'an
1222,L'animal domestique,que'animal domesti
1223,l'annee,nee'an
1224,l'argent,gent'ar
1225,l'art,l'art
1226,l'attention,tion'atten
1227,l'avance,ce'avan
1228,l'avenir,nir'ave
1229,l'endroit,droit'en
1230,l'envers,vers'en
1231,l'etat,tat'e
1232,L'heure,re'heu
1233,l'impression,sion'impres
1234,lac,lac
1235,lacer,cerla
1236,lacet,cetla
1237,lacher,herlac
1238,laine,nelai
1239,laisse,selais
1240,laisser,serlais
1241,Laissez-faire,reLaissez-fai
1242,lait,lait
1243,lampe,pelam
1244,lancer,cerlan
1245,langue,guelan
1246,lapin,pinla
1247,large,gelar
1248,larme,melar
1249,lavabo,bolava
1250,lavage,gelava
1251,lave-linge,gelave-lin
1252,laver,verla
1253,le calendrier,drierle calen
1254,Le carnaval,valLe carna
1255,Le jardin,dinLe jar
1256,Le temps,tempsLe 
1257,lecher,herlec
1258,lecture,relectu
1259,leger,gerle
1260,legume,melegu
1261,lent,lent
1262,les,les
1263,Les animaux,mauxLes ani
1264,Les autres - complet,pletLes autres - com
1265,Les sorties,tiesLes sor
1266,lessive,velessi
1267,lettre,trelet
1268,lever,verle
1269,levres,vresle
1270,lezard,zardle
1271,liaison,sonliai
1272,lieu,ulie
1273,lieutenant,nantlieute
1274,ligne,gneli
1275,linge,gelin
1276,Lingerie,rieLinge
1277,lion,lion
1278,liquide,deliqui
1279,lire,reli
1280,lisse,selis
1281,liste,telis
1282,lit,lit
1283,litre,treli
1284,livre,vreli
1285,loi,loi
1286,long,long
1287,louche,helouc
1288,loup,loup
1289,loupe,pelou
1290,lourd,lourd
1291,luge,gelu
1292,lugubre,brelugu
1293,lumiere,relumie
1294,lumiere,relumie
1295,lundi,dilun
1296,lune,nelu
1297,lunette,telunet
1298,lunettes,teslunet
1299,lutin,tinlu
1300,lutter,terlut
1301,lycee,ceely
1302,ma,ma
1303,machine,nemachi
1304,madame,memada
1305,magasin,sinmaga
1306,magicien,cienmagi
1307,magie,giema
1308,maigre,gremai
1309,maillot,lotmail
1310,mains,mains
1311,maintenant,nantmainte
1312,maison,sonmai
1313,maitre,tremai
1314,Maitre d'hotel,telMaitre d'ho
1315,maitresse,semaitres
1316,mal,mal
1317,malade,demala
1318,maladie,diemala
1319,maladroit,droitmala
1320,malaise,semalai
1321,malentendu,dumalenten
1322,malgre,gremal
1323,maman,manma
1324,manche,hemanc
1325,manege,gemane
1326,manger,german
1327,maniere,remanie
1328,maniere,remanie
1329,manquer,querman
1330,manteau,umantea
1331,maquillage,gemaquilla
1332,maquiller,lermaquil
1333,marchand,handmarc
1334,marche,hemarc
1335,marche,hemarc
1336,marcher,hermarc
1337,marcher a quatre pattes,tesmarcher a quatre pat
1338,marcher sur,surmarcher 
1339,mardi,dimar
1340,mari,rima
1341,mariage,gemaria
1342,marie,riema
1343,marin,rinma
1344,marionnette,temarionnet
1345,marron,ronmar
1346,marteau,umartea
1347,masque,quemas
1348,match,match
1349,matelas,lasmate
1350,maternelle,lematernel
1351,matin,tinma
1352,mauvais,vaismau
1353,me,me
1354,mec,mec
1355,mechant,hantmec
1356,medecin,cinmede
1357,medecin,cinmede
1358,medicament,mentmedica
1359,mefait,faitme
1360,mefiance,cemefian
1361,meilleur,leurmeil
1362,melancolique,quemelancoli
1363,melanger,germelan
1364,melon,lonme
1365,meme,me
1366,menage,gemena
1367,Menage a trois,troisMenage a 
1368,menagement,mentmenage
1369,menager,germena
1370,mener,nerme
1371,mensonge,gemenson
1372,mentir,tirmen
1373,menton,tonmen
1374,Menu,nuMe
1375,mer,mer
1376,mercredi,dimercre
1377,mere,reme
1378,message,gemessa
1379,mesure,remesu
1380,mesurer,rermesu
1381,metal,talme
1382,meteo,teome
1383,metre,treme
1384,metro,trome
1385,mettre,tremet
1386,mettre du temps,tempsmettre du 
1387,meuble,blemeu
1388,midi,dimi
1389,mie,mie
1390,mieux,uxmie
1391,mignon,gnonmi
1392,mignonne,nemignon
1393,milieu,umilie
1394,mille,lemil
1395,million,lionmil
1396,mince,cemin
1397,mine,nemi
1398,ministre,treminis
1399,minuit,nuitmi
1400,minute,teminu
1401,Mirage,geMira
1402,mission,sionmis
1403,mixer,xermi
1404,mixte,temix
1405,mode,demo
1406,moineau,umoinea
1407,moins,moins
1408,mois,mois
1409,moitie,tiemoi
1410,moitie,tiemoi
1411,moment,mentmo
1412,momentane,nemomenta
1413,monde,demon
1414,monnaie,emonnai
1415,monsieur,urmonsie
1416,monstre,tremons
1417,montagne,gnemonta
1418,montant,tantmon
1419,monter,termon
1420,montre,tremon
1421,montrer,trermon
1422,monument,mentmonu
1423,morceau,umorcea
1424,mordre,dremor
1425,morose,semoro
1426,mort,mort
1427,mot,mot
1428,moteur,teurmo
1429,moto,tomo
1430,mouchoir,hoirmouc
1431,mouette,temouet
1432,moufle,flemou
1433,mouille,lemouil
1434,mouiller,lermouil
1435,moule,lemou
1436,moulin,linmou
1437,mourir,rirmou
1438,mousse,semous
1439,moustache,hemoustac
1440,moustique,quemousti
1441,moyen,enmoy
1442,muet,muet
1443,muette,temuet
1444,muguet,guetmu
1445,multicolore,remulticolo
1446,municipal,palmunici
1447,municipaux,pauxmunici
1448,mur,mur
1449,mur d'escalade,demur d'escala
1450,mure,remu
1451,muscle,clemus
1452,muscler,clermus
1453,musee,seemu
1454,muton,tonmu
1455,nage,gena
1456,nager,gerna
1457,nain,nain
1458,naitre,trenai
1459,nappe,penap
1460,natation,tionnata
1461,navet,vetna
1462,navette,tenavet
1463,navire,renavi
1464,navrant,vrantna
1465,ne,ne
1466,ne pas oublier,blierne pas ou
1467,neige,genei
1468,neiger,gernei
1469,nettement,mentnette
1470,nettoyer,ernettoy
1471,neuf,neuf
1472,nez,nez
1473,nid,nid
1474,Noel,Noel
1475,noeud,udnoe
1476,noir,noir
1477,noisette,tenoiset
1478,noix,noix
1479,Nom de plume,meNom de plu
1480,note,teno
1481,nourrir,rirnour
1482,nourriture,renourritu
1483,nouveau,unouvea
1484,Nouveau riche,heNouveau ric
1485,noyau,unoya
1486,nu,nu
1487,nuage,genua
1488,nuageux,geuxnua
1489,nuit,nuit
1490,numero,ronume
1491,numero,ronume
1492,obeir,beiro
1493,objet,jetob
1494,obligatoire,reobligatoi
1495,obliger,gerobli
1496,observer,verobser
1497,obstacle,cleobsta
1498,occupe,peoccu
1499,odeur,deuro
1500,oeil,iloe
1501,oeil,iloe
1502,oeuf,ufoe
1503,offrir,frirof
1504,ogre,greo
1505,oignon,gnonoi
1506,ombre,breom
1507,Omelette,teOmelet
1508,ongle,gleon
1509,onze,zeon
1510,or,or
1511,orage,geora
1512,orange,georan
1513,ordonnance,ceordonnan
1514,ordre,dreor
1515,oreille,leoreil
1516,oreiller,leroreil
1517,organiser,serorgani
1518,original,nalorigi
1519,os,os
1520,oublier,blierou
1521,ouragan,ganoura
1522,ours,ours
1523,outil,tilou
1524,ouvert,vertou
1525,ouvrier,vrierou
1526,ouvrir,vrirou
1527,ouvrir un livre,vreouvrir un li
1528,pache,hepac
1529,page,gepa
1530,paille,lepail
1531,pain,pain
1532,paire,repai
1533,paix,paix
1534,palais,laispa
1535,pale,lepa
1536,pamplemousse,sepamplemous
1537,panda,dapan
1538,panier,nierpa
1539,panne,nepan
1540,panneau,upannea
1541,pansement,mentpanse
1542,pantalon,lonpanta
1543,panthere,repanthe
1544,papa,pa
1545,papier,pierpa
1546,Papier mache,hePapier mac
1547,papillon,lonpapil
1548,paquerette,tepaqueret
1549,paquet,quetpa
1550,Par excellence,cePar excellen
1551,parallelement,mentparalle
1552,parapluie,eparaplui
1553,parasol,solpara
1554,parc,parc
1555,parcours,courspar
1556,pardon,donpar
1557,pareil,reilpa
1558,parent,rentpa
1559,parfois,foispar
1560,parfum,fumpar
1561,parking,kingpar
1562,parler,lerpar
1563,parole,leparo
1564,part,part
1565,partager,gerparta
1566,particulier,lierparticu
1567,particulierement,mentparticuliere
1568,partie,tiepar
1569,partir,tirpar
1570,pas,pas
1571,passage,gepassa
1572,passer,serpas
1573,passerelle,lepasserel
1574,patauger,gerpatau
1575,pate,tepa
1576,pate a modeler,lerpate a mode
1577,pates,tespa
1578,patient,tientpa
1579,patisserie,riepatisse
1580,patron,tronpa
1581,patte,tepat
1582,pauvrete,tepauvre
1583,pays,pays
1584,paysage,gepaysa
1585,peau,upea
1586,peche,hepec
1587,pecheur,heurpec
1588,pedagogique,quepedagogi
1589,pedale,lepeda
1590,pedaler,lerpeda
1591,peigne,gnepei
1592,peindre,drepein
1593,peinture,repeintu
1594,pelle,lepel
1595,peluche,hepeluc
1596,pendule,lependu
1597,penible,blepeni
1598,penser,serpen
1599,pente,tepen
1600,percer,cerper
1601,perdre,dreper
1602,perdu,duper
1603,pere,repe
1604,peripetie,tieperipe
1605,perle,leper
1606,permettre,trepermet
1607,perroquet,quetperro
1608,persil,silper
1609,personne,neperson
1610,peser,serpe
1611,petit,titpe
1612,petit pois,poispetit 
1613,petit-enfant,fantpetit-en
1614,petit-fils,filspetit-
1615,Petite,tePeti
1616,petite-fille,lepetite-fil
1617,peu,peu
1618,peur,peur
1619,peut-etre,trepeut-e
1620,phoque,quepho
1621,photo,topho
1622,photographier,hierphotograp
1623,piece,cepie
1624,piece,cepie
1625,pied,pied
1626,pieds,pieds
1627,piege,gepie
1628,pierre,repier
1629,pigion,gionpi
1630,pile,lepi
1631,pilote,tepilo
1632,pin,pin
1633,pinceau,upincea
1634,pion,pion
1635,pique-niquer,querpique-ni
1636,piquer,querpi
1637,piqure,repiqu
1638,pire,repi
1639,piscine,nepisci
1640,pitie,tiepi
1641,placard,cardpla
1642,place,cepla
1643,plafond,fondpla
1644,plage,gepla
1645,plaire,replai
1646,plaisanter,terplaisan
1647,plaisir,sirplai
1648,plan,plan
1649,planche,heplanc
1650,planter,terplan
1651,plat,plat
1652,plateau,uplatea
1653,platre,trepla
1654,plein,plein
1655,pleurer,rerpleu
1656,pleuvoir,voirpleu
1657,pli,pli
1658,pliage,geplia
1659,plier,plier
1660,plongeoir,irplongeo
1661,plonger,gerplon
1662,pluie,eplui
1663,plurielle,lepluriel
1664,plus,plus
1665,plusieurs,ursplusie
1666,pluvieux,uxpluvie
1667,pneu,pneu
1668,poele,lepoe
1669,poignet,gnetpoi
1670,point,point
1671,pointe,tepoin
1672,pointu,tupoin
1673,poire,repoi
1674,poireau,upoirea
1675,poison,sonpoi
1676,poisson,sonpois
1677,poli,lipo
1678,police,cepoli
1679,politesse,sepolites
1680,pomme,mepom
1681,pomme de terre,repomme de ter
1682,pompe,pepom
1683,ponctuel,tuelponc
1684,pont,pont
1685,port,port
1686,porte,tepor
1687,portemanteau,uportemantea
1688,porter,terpor
1689,portiere,reportie
1690,poser,serpo
1691,Possible,blePossi
1692,poste,tepos
1693,pot,pot
1694,Pot-pourri,riPot-pour
1695,potage,gepota
1696,pote,tepo
1697,poubelle,lepoubel
1698,pouf,pouf
1699,poulet,letpou
1700,poupee,peepou
1701,pour,pour
1702,pourcentage,gepourcenta
1703,pourquoi,ipourquo
1704,poursuivre,vrepoursui
1705,pourvoir,voirpour
1706,pousser,serpous
1707,poussette,tepousset
1708,poussiere,repoussie
1709,pouvoir,voirpou
1710,pratique,queprati
1711,preau,uprea
1712,precaire,reprecai
1713,preceder,derprece
1714,preciser,serpreci
1715,preferer,rerprefe
1716,preferer,rerprefe
1717,prejudice,ceprejudi
1718,prelevement,mentpreleve
1719,premier,mierpre
1720,prendre,drepren
1721,preparer,rerprepa
1722,preparer,rerprepa
1723,Preposition :,n :Prepositio
1724,Prepositions : a, aPrepositions :
1725,Prepositions : a cote de,dePrepositions : a cote 
1726,Prepositions : chez,hezPrepositions : c
1727,pres,pres
1728,pres de,depres 
1729,present,sentpre
1730,present,sentpre
1731,presenter,terpresen
1732,presenter,terpresen
1733,president,dentpresi
1734,presque,quepres
1735,presser,serpres
1736,pret,pret
1737,pret,pret
1738,Pret-a-porter,terPret-a-por
1739,preter,terpre
1740,preuve,vepreu
1741,prie,prie
1742,prince,ceprin
1743,princesse,seprinces
1744,prioritaire,reprioritai
1745,prise,sepri
1746,prison,sonpri
1747,priver,verpri
1748,prix,prix
1749,probleme,meproble
1750,prochain,hainproc
1751,proche,heproc
1752,professeur,seurprofes
1753,profiter,terprofi
1754,profond,fondpro
1755,projet,jetpro
1756,promettre,trepromet
1757,propos,pospro
1758,proposer,serpropo
1759,propre,prepro
1760,Protege,geProte
1761,proteger,gerprote
1762,provisoire,reprovisoi
1763,prudent,dentpru
1764,prune,nepru
1765,publicite,tepublici
1766,puis,puis
1767,punir,nirpu
1768,puree,reepu
1769,puzzle,zlepuz
1770,quai,iqua
1771,quartier,tierquar
1772,quatre,trequa
1773,querulence,cequerulen
1774,question,tionques
1775,Queue,eQueu
1776,quinze,zequin
1777,rabais,baisra
1778,raconter,terracon
1779,radiateur,teurradia
1780,radio,diora
1781,radis,disra
1782,rage,gera
1783,ramasser,serramas
1784,ramer,merra
1785,rampe,peram
1786,ramper,perram
1787,randonnee,neerandon
1788,rang,rang
1789,rangee,geeran
1790,ranger,gerran
1791,rape,pera
1792,raper,perra
1793,rapide,derapi
1794,rappeler,lerrappe
1795,rapport,portrap
1796,raquette,teraquet
1797,rasoir,soirra
1798,rateau,uratea
1799,rater,terra
1800,ravir,virra
1801,rayon,onray
1802,rayure,rerayu
1803,realiser,serreali
1804,recette,terecet
1805,recevoir,voirrece
1806,recherche,herecherc
1807,reciter,terreci
1808,recommencer,cerrecommen
1809,reconnaitre,trereconnai
1810,reconnaitre,trereconnai
1811,recoudre,drerecou
1812,recreation,tionrecrea
1813,reculer,lerrecu
1814,recuperer,rerrecupe
1815,reduction,tionreduc
1816,reflechir,hirreflec
1817,refrigerateur,teurrefrigera
1818,refuser,serrefu
1819,regard,gardre
1820,regarder,derregar
1821,regle,glere
1822,regler,glerre
1823,regler,glerre
1824,regret,gretre
1825,regrettable,bleregretta
1826,regretter,terregret
1827,rejoindre,drerejoin
1828,relation,tionrela
1829,remarquer,querremar
1830,remercier,cierremer
1831,remettre,treremet
1832,remise,seremi
1833,remonter,terremon
1834,remplacer,cerrempla
1835,rempli,plirem
1836,remplir,plirrem
1837,remuer,muerre
1838,renard,nardre
1839,rencontrer,trerrencon
1840,Rendez-vous,vousRendez-
1841,Rendre,dreRen
1842,renne,neren
1843,renouveler,lerrenouve
1844,rentree,treeren
1845,rentrer,trerren
1846,renverser,serrenver
1847,renvoyer,errenvoy
1848,reparer,rerrepa
1849,reparer,rerrepa
1850,repas,pasre
1851,repasser,serrepas
1852,repeter,terrepe
1853,repondre,drerepon
1854,reponse,serepon
1855,reposant,santrepo
1856,reprendre,drerepren
1857,representation,tionrepresenta
1858,representer,terrepresen
1859,reproche,hereproc
1860,requin,quinre
1861,reserver,verreser
1862,respecter,terrespec
1863,respirer,rerrespi
1864,ressembler,blerressem
1865,ressembler a,r aressemble
1866,ressentir,tirressen
1867,restaurant,rantrestau
1868,reste,teres
1869,rester,terres
1870,retard,tardre
1871,retarder,derretar
1872,retenir,nirrete
1873,retirer,rerreti
1874,retour,tourre
1875,retourner,nerretour
1876,retrouver,verretrou
1877,reunir,nirreu
1878,reussir,sirreus
1879,reve,vere
1880,reveil,veilre
1881,revenir,nirreve
1882,rever,verre
1883,reveur,veurre
1884,revoir,voirre
1885,rhinoceros,rosrhinoce
1886,riche,heric
1887,rideau,uridea
1888,Ridicule,leRidicu
1889,rire,reri
1890,risque,queris
1891,robe,bero
1892,robinet,netrobi
1893,rochelle,lerochel
1894,rocher,herroc
1895,roi,roi
1896,role,lero
1897,rond,rond
1898,rondelle,lerondel
1899,ronfler,flerron
1900,ronger,gerron
1901,rose,sero
1902,rose,sero
1903,roue,erou
1904,rouge,gerou
1905,rouleau,uroulea
1906,rouler,lerrou
1907,route,terou
1908,roux,roux
1909,RSVP,RSVP
1910,rue,rue
1911,rugueux,uxrugue
1912,s'amuser,ser'amu
1913,s'appeler,ler'appe
1914,s'appuyer,er'appuy
1915,s'asseoir,ir'asseo
1916,s'echapper,per'echap
1917,s'ecorcher,her'ecorc
1918,s'eloigner,gner'eloi
1919,s'embrasser,ser'embras
1920,s'endormir,mir'endor
1921,s'ennuyer,er'ennuy
1922,s'envoler,ler'envo
1923,s'excuser,ser'excu
1924,s'habiller,ler'habil
1925,s'imaginer,ner'imagi
1926,s'installer,ler'instal
1927,s'occuper de,de'occuper 
1928,sable,blesa
1929,Sabotage,geSabota
1930,sac,sac
1931,sac en plastique,quesac en plasti
1932,sage,gesa
1933,saigner,gnersai
1934,saison,sonsai
1935,sal,sal
1936,Salade,deSala
1937,Salade de fruits,fruitsSalade 
1938,saladier,diersala
1939,sale,lesa
1940,salle,lesal
1941,saluer,luersa
1942,samedi,disame
1943,sang,sang
1944,Sans,Sans
1945,Sans fard,fardSans 
1946,sante,tesan
1947,sapin,pinsa
1948,sardine,nesardi
1949,sauf,sauf
1950,Saute,teSau
1951,sauter,tersau
1952,sauver,versau
1953,savoir,voirsa
1954,Savoir-faire,reSavoir-fai
1955,savon,vonsa
1956,scene,nesce
1957,scie,scie
1958,se baigner,gnerse bai
1959,se balancer,cerse balan
1960,se battre,trese bat
1961,se blesser,serse bles
1962,se blottir,tirse blot
1963,se bruler,lerse bru
1964,se cacher,herse cac
1965,se chausser,serse chaus
1966,se cogner,gnerse co
1967,se coiffer,ferse coif
1968,se coucher,herse couc
1969,se couvrir,vrirse cou
1970,se croiser,serse croi
1971,se degonfler,flerse degon
1972,se depecher,herse depec
1973,se deshabiller,lerse deshabil
1974,se detester,terse detes
1975,se disputer,terse dispu
1976,se facher,herse fac
1977,se faner,nerse fa
1978,se garer,rerse ga
1979,se gratter,terse grat
1980,se lever,verse le
1981,se maquiller,lerse maquil
1982,se marier,rierse ma
1983,se mettre debout,boutse mettre de
1984,se moquer,querse mo
1985,se moucher,herse mouc
1986,se mouiller,lerse mouil
1987,se pencher,herse penc
1988,se percher,herse perc
1989,se perdre,drese per
1990,se pincer,cerse pin
1991,se plaindre,drese plain
1992,se poser,serse po
1993,se presser,serse pres
1994,se promener,nerse prome
1995,se proteger,gerse prote
1996,se quitter,terse quit
1997,se rappeler,lerse rappe
1998,se raser,serse ra
1999,se rechauffer,ferse rechauf
2000,se regaler,lerse rega
2001,se reposer,serse repo
2002,se retourner,nerse retour
2003,se reveiller,lerse reveil
2004,se salir,lirse sa
2005,se sauver,verse sau
2006,se secher,herse sec
2007,se serrer,rerse ser
2008,se servir,virse ser
2009,se toucher,herse touc
2010,se tromper,perse trom
2011,se trouver,verse trou
2012,seau,usea
2013,sec,sec
2014,secher,hersec
2015,seconde,desecon
2016,secouer,ersecou
2017,secours,coursse
2018,secret,cretse
2019,secretaire,resecretai
2020,seize,zesei
2021,sel,sel
2022,selon,lonse
2023,semaine,nesemai
2024,sembler,blersem
2025,sens,sens
2026,sentiment,mentsenti
2027,sentir,tirsen
2028,separer,rersepa
2029,separer,rersepa
2030,sept,sept
2031,serieux,uxserie
2032,serieux,uxserie
2033,serre,reser
2034,serrer,rerser
2035,serrure,reserru
2036,service,ceservi
2037,serviette,teserviet
2038,servir,virser
2039,ses,ses
2040,seul,seul
2041,seul / seule,leseul / seu
2042,seulement,mentseule
2043,shampoing,poingsham
2044,siege,gesie
2045,sieste,tesies
2046,siffler,flersif
2047,sifflet,fletsif
2048,signe,gnesi
2049,signer,gnersi
2050,signifier,fiersigni
2051,silence,cesilen
2052,Silhouette,teSilhouet
2053,simple,plesim
2054,simplement,mentsimple
2055,singe,gesin
2056,singulier,liersingu
2057,sinistre,tresinis
2058,situation,tionsitua
2059,six,six
2060,ski,ski
2061,societe,tesocie
2062,soeur,ursoe
2063,soeur,ursoe
2064,soif,soif
2065,soigner,gnersoi
2066,soin,soin
2067,soir,soir
2068,Soiree,reeSoi
2069,soiree,reesoi
2070,sole,leso
2071,soleil,leilso
2072,solide,desoli
2073,sombre,bresom
2074,Sommelier,lierSomme
2075,sommet,metsom
2076,son,son
2077,sonner,nerson
2078,sonore,resono
2079,sorte,tesor
2080,sortir,tirsor
2081,Souffle,fleSouf
2082,souffler,flersouf
2083,souffrir,frirsouf
2084,souhaite,tesouhai
2085,souhaiter,tersouhai
2086,soulever,versoule
2087,souligner,gnersouli
2088,soupe,pesou
2089,Soupe aux legumes,mesSoupe aux legu
2090,souple,plesou
2091,sourcil,cilsour
2092,sourd,sourd
2093,sourire,resouri
2094,souris,rissou
2095,sous,sous
2096,soutien,tiensou
2097,Souvenir,nirSouve
2098,souvent,ventsou
2099,special,cialspe
2100,spectacle,clespecta
2101,squelette,tesquelet
2102,stigmate,testigma
2103,stupide,destupi
2104,stylo,losty
2105,subir,birsu
2106,subsister,tersubsis
2107,sucer,cersu
2108,sucre,cresu
2109,suffire,resuffi
2110,suffisamment,mentsuffisam
2111,suite,tesui
2112,suivant,vantsui
2113,suivre,vresui
2114,suivre (chronologie),gie)suivre (chronolo
2115,sujet,jetsu
2116,super,persu
2117,supplementaire,resupplementai
2118,supporter,tersuppor
2119,supposer,sersuppo
2120,sur,sur
2121,surment,mentsur
2122,surpris,prissur
2123,surprise,sesurpri
2124,surtout,toutsur
2125,surveiller,lersurveil
2126,survivre,vresurvi
2127,sympa,pasym
2128,sympathique,quesympathi
2129,systeme,mesyste
2130,table,bleta
2131,tablier,blierta
2132,tache,hetac
2133,tampon,pontam
2134,tandis que,quetandis 
2135,tante,tetan
2136,taper,perta
2137,taper sur,surtaper 
2138,tard,tard
2139,tarif,rifta
2140,tarte,tetar
2141,tartine,netarti
2142,tartines grillees,leestartines gril
2143,tas,tas
2144,tasse,setas
2145,tater,terta
2146,taupe,petau
2147,taxi,xita
2148,tel,tel
2149,telephone,netelepho
2150,telephoner,nertelepho
2151,telle,letel
2152,tellement,menttelle
2153,temoin,mointe
2154,tempete,tetempe
2155,temps,temps
2156,tendre,dreten
2157,tenit,nitte
2158,tente,teten
2159,tenter,terten
2160,tenue,nuete
2161,terminer,nertermi
2162,terrain,rainter
2163,terre,reter
2164,terrible,bleterri
2165,terrier,rierter
2166,tes,tes
2167,Tete a tete,teTete a te
2168,teter,terte
2169,the,the
2170,theatre,trethea
2171,thermometre,trethermome
2172,ticket,kettic
2173,tiens,tiens
2174,tige,geti
2175,tigre,greti
2176,tirer,rerti
2177,tissu,sutis
2178,titre,treti
2179,toilettes,testoilet
2180,toillette,tetoillet
2181,toit,toit
2182,tomber,bertom
2183,tonnerre,retonner
2184,torchon,hontorc
2185,tordu,dutor
2186,tort,tort
2187,tot,tot
2188,tot,tot
2189,Touche,heTouc
2190,toucher,hertouc
2191,toujours,jourstou
2192,tourner,nertour
2193,tournevis,vistourne
2194,tousser,sertous
2195,tout,tout
2196,tout de suite,tetout de sui
2197,toute,tetou
2198,tracas,castra
2199,train,train
2200,traineau,utrainea
2201,trainer,nertrai
2202,trainer,nertrai
2203,traire,retrai
2204,traiter,tertrai
2205,tranche,hetranc
2206,tranquille,letranquil
2207,transparent,renttranspa
2208,transpirer,rertranspi
2209,transporter,tertranspor
2210,travail,vailtra
2211,travailler,lertravail
2212,travers,verstra
2213,traverser,sertraver
2214,trembler,blertrem
2215,tremper,pertrem
2216,trente,tetren
2217,tres,tres
2218,tresor,sortre
2219,treze,zetre
2220,tricher,hertric
2221,tricoter,tertrico
2222,tricycle,cletricy
2223,triste,tetris
2224,trois,trois
2225,troisieme,metroisie
2226,Trompe l'oeil,ilTrompe l'oe
2227,tromper,pertrom
2228,trop,trop
2229,trottoir,toirtrot
2230,trou,trou
2231,trouer,ertrou
2232,trous,trous
2233,trousse,setrous
2234,trouver,vertrou
2235,truc,truc
2236,tu,tu
2237,tube,betu
2238,tuer,tuer
2239,tuyau,utuya
2240,type,pety
2241,Un accident,dentUn acci
2242,univers,versuni
2243,use,seu
2244,usine,neusi
2245,utile,leuti
2246,utiliser,serutili
2247,vacance,cevacan
2248,vacances,cesvacan
2249,vague,gueva
2250,vaisselle,levaissel
2251,valoriser,servalori
2252,vase,seva
2253,vehicule,levehicu
2254,velo,love
2255,vendre,dreven
2256,vendredi,divendre
2257,venir,nirve
2258,vent,vent
2259,venter,terven
2260,ver,ver
2261,verifier,fierveri
2262,verifier,fierveri
2263,verre,rever
2264,vers,vers
2265,verser,server
2266,vert,vert
2267,victime,mevicti
2268,vide,devi
2269,vider,dervi
2270,vieux,uxvie
2271,vigilant,lantvigi
2272,vignoble,blevigno
2273,village,gevilla
2274,ville,levil
2275,vin,vin
2276,Vinaigrette,teVinaigret
2277,vingt,vingt
2278,vinneois,isvinneo
2279,virage,gevira
2280,vis,vis
2281,visage,gevisa
2282,visite,tevisi
2283,visiter,tervisi
2284,vite,tevi
2285,vitesse,sevites
2286,vivant,vantvi
2287,vivre,vrevi
2288,Voila,laVoi
2289,voile,levoi
2290,voir,voir
2291,voiture,revoitu
2292,voix,voix
2293,vol,vol
2294,voler,lervo
2295,voleur,leurvo
2296,vouloir,loirvou
2297,voyage,gevoya
2298,Voyeur,urVoye
2299,vraiment,mentvrai
2300,vue,vue
2301,wagon,gonwa
2302,yaourt,urtyao
2303,yeux,uxye
2304,zebre,breze
2305,zero,roze
2306,zigzag,gzagzi
2307,zoo,zoo
2308,l'autre,tre'au
2309,puisque,quepuis
2310,ensuite,teensui
2311,contre,trecon
2312,quand,quand
2313,cote,teco
2314,doute,tedou
2315,Elles,Elles
2316,on,on
2317,nous,nous
2318,vous,vous
2319,ils,ils
2320,Elles,Elles
2321,janvier,vierjan
2322,fevrier,vrierfe
2323,mars,mars
2324,avril,vrila
2325,mai,mai
2326,juin,juin
2327,juillet,letjuil
2328,aout,utao
2329,septembre,breseptem
2330,octobre,breocto
2331,novembre,brenovem
2332,decembre,bredecem
2333,lundi,dilun
2334,mardi,dimar
2335,mercredi,dimercre
2336,jeudi,dijeu
2337,vendredi,divendre
2338,samedi,disame
2339,dimanche,hedimanc
2340,Amusant,santAmu
2341,Drole,leDro
2342,Marrant,rantMar
2343,Interessant,santInteres
2344,Ennuyeux,uxEnnuye
2345,Barbant,bantBar
2346,Sain,Sain
2347,Fatigant,gantFati
2348,Passionnant,nantPassion
2349,Difficile,leDiffici
2350,Facile,leFaci
2351,Rapide,deRapi
2352,Lent,Lent
2353,Cher,Cher
2354,Bon marche ,he Bon marc
2355,Confortable,bleConforta
2356,Reposant,santRepo
2357,Actif,Actif
2358,Genial,nialGe
2359,Chouette,teChouet
2360,Fantastique,queFantasti
2361,Excellent,lentExcel
2362,Nul,Nul
2363,Horrible,bleHorri
2364,quarante,tequaran
2365,cinquante,tecinquan
2366,soixante,tesoixan
2367,soixante-dix,dixsoixante-
2368,quatre-vingts,vingtsquatre-
2369,quatre-vingt-dix,dixquatre-vingt-
2370,cent,cent
2371,mille,lemil
2372,million,lionmil
